type,sequence,canonical_smiles,pKd_value,label,buffer,origin,source
DNA,GCGGGCGGTTGTATAGCGG,CC1(C)SC2C(NC(=O)C(N)c3ccccc3)C(=O)N2C1C(=O)O,7.872895201635193,1,"Binding Buffer: 20mM Tris-HCl (pH 8.0), 50 mM NaCl, 5 mM KCl, 5 mM MgCl2.",https://www.aptagen.com/aptamers/ampicillin-amp17/,AptaGen
DNA,TTTAGTTGGGGTTCAGTTG,CC1(C)SC2C(NC(=O)C(N)c3ccccc3)C(=O)N2C1C(=O)O,8.008773924307505,1,"Binding Buffer: 20mM Tris-HCl (pH 8.0), 50 mM NaCl, 5 mM KCl, 5 mM MgCl2.",https://www.aptagen.com/aptamers/ampicillin-amp18/,AptaGen
DNA,ATTGGGAGGGATTGGGTGGG,C=CC1=C(C)c2cc3[n-]c(cc4[n-]c(cc5nc(cc1n2)C(C)=C5C=C)c(C)c4CCC(=O)O)c(CCC(=O)O)c3C.[Cl-].[Fe+3],7.5376020021010435,1,"Binding buffer: 20 mM Tris-AcOH (pH 8.0), 100 mM NaCl, 200 mM KCl, 5 mM MgCl2, 0.5% Triton X-100, and 5% DMSO.    Peroxidase activity was measured using the ABTS-H2O2 system.",https://www.aptagen.com/aptamers/peroxidase-dnazyme-b7-3-0/,AptaGen
DNA,CACGGCATGGTGGGCGTCGTG,CC1(C)SC2C(NC(=O)C(N)c3ccccc3)C(=O)N2C1C(=O)O,8.0268721464003,1,"Binding Buffer: 20mM Tris-HCl (pH 8.0), 50 mM NaCl, 5 mM KCl, 5 mM MgCl2.",https://www.aptagen.com/aptamers/ampicillin-amp4/,AptaGen
DNA,ACTGCTAGAGATTTTCCACAT,COc1cc2c(c3oc(=O)c4c(c13)CCC4=O)C1(O)C=COC1O2,10.739928612014925,1,,https://www.aptagen.com/aptamers/anti-aflatoxin-m1/,AptaGen
DNA,TGGGGGTTGAGGCTAAGCCGA,NCC1OC(OC2C(N)CC(N)C(OC3OC(CO)C(O)C(N)C3O)C2O)C(O)C(O)C1O,7.103473782510445,1,"20mM Tris-HCl, 50mM NaCl, 5mM KCl, 5mM MgCl2, pH 8.0",https://www.aptagen.com/aptamers/ky2-aptamer/,AptaGen
DNA,GACCAGGGCAAACGGTAGGGAGTGGTC,NC(N)=NCCCC(N)C(=O)O,2.6020599913279625,0,Buffer for CD binding assay: 10 mM sodium phosphate buffer (pH 7.5) and 100 mM NaCl.,https://www.aptagen.com/aptamers/l-arginine-12-79/,AptaGen
DNA,ACCTGGGGGAGTATTGCGGAGGAAGGT,Nc1ncnc2c1ncn2C1OC(CO)C(O)C1O,8.221848749616356,1,"150 mmol L−1 NaCl, 1 mmol L−1 MgCl2, 5 mmol L−1 KCl and Tris
buffer of 20 mmol L−1 (pH 7.4)",https://www.aptagen.com/aptamers/aptamer-beacon/,AptaGen
DNA,GGGATCGAAACGTAGCGCCTTCGATCCC,NC(N)=NCCCC(N)C(=O)O,8.602059991327963,1,Buffer for CD binding assay: 10 mM sodium phosphate buffer (pH 7.5) and 100 mM NaCl.,https://www.aptagen.com/aptamers/l-arginine-12-28-hairpin/,AptaGen
DNA,ACAGGGGTGTGGGGACAGGGGTGTGGGG,CCC(C)C(NC(=O)CN)C(=O)NC(C(=O)NC(CCC(=O)O)C(=O)NC(CCC(N)=O)C(=O)NC1CSSCC2NC(=O)C(C(C)CC)NC(=O)C(CO)NC(=O)C(C(C)O)NC(=O)C(CSSCC(NC(=O)C(CC(C)C)NC(=O)C(Cc3c[nH]cn3)NC(=O)C(CCC(N)=O)NC(=O)C(NC(=O)C(NC(=O)C(N)Cc3ccccc3)C(C)C)C(N)=O)C(=O)NCC(=O)NC(CO)C(=O)NC(Cc3c[nH]cn3)C(=O)NC(CC(C)C)C(=O)NC(C(C)C)C(=O)NC(CCC(=O)O)C(=O)NC(C)C(=O)NC(CC(C)C)C(=O)NC(Cc3ccc(O)cc3)C(=O)NC(CC(C)C)C(=O)NC(C(C)C)C(=O)NC(C(=O)NCC(=O)NC(CCC(=O)O)C(=O)NC(CCCNC(=N)N)C(=O)NCC(=O)NC(Cc3ccccc3)C(=O)NC(Cc3ccccc3)C(=O)NC(Cc3ccc(O)cc3)C(=O)NC(C(=O)N3CCCC3C(=O)NC(CCCCN)C(=O)NC(C(=O)O)C(C)O)C(C)O)CSSCC(C(=O)NC(CC(N)=O)C(=O)O)NC(=O)C(Cc3ccc(O)cc3)NC(=O)C(CC(N)=O)NC(=O)C(CCC(=O)O)NC(=O)C(CC(C)C)NC(=O)C(CCC(N)=O)NC(=O)C(Cc3ccc(O)cc3)NC(=O)C(CC(C)C)NC(=O)C(CO)NC2=O)NC1=O)C(C)C,,1,"Tris buffer (20 mM Tris, 5mM KCL, pH 7.3)",https://www.aptagen.com/aptamers/insulin-linked-polymorphic-region-two-repeat-ilpr2/,AptaGen
DNA,CCGGCCAAGGGTGGGAGGGAGGGGGCCGG,CCN(CC)c1ccc2c(-c3ccc(S(=O)(=O)O)cc3S(=O)(=O)[O-])c3ccc(=[N+](CC)CC)cc-3oc2c1,6.721246399047171,1,"Selection Buffer: 0.1 M KCl, 5 mM MgCl2, 10 mM Na-HEPES (pH 7.4).",https://www.aptagen.com/aptamers/sulforhodamine-b-clone-73-min/,AptaGen
DNA,GGTGGTGGGGGGGGTTGGTAGGGTGTCTTC,CCC(C)C(NC(=O)CN)C(=O)NC(C(=O)NC(CCC(=O)O)C(=O)NC(CCC(N)=O)C(=O)NC1CSSCC2NC(=O)C(C(C)CC)NC(=O)C(CO)NC(=O)C(C(C)O)NC(=O)C(CSSCC(NC(=O)C(CC(C)C)NC(=O)C(Cc3c[nH]cn3)NC(=O)C(CCC(N)=O)NC(=O)C(NC(=O)C(NC(=O)C(N)Cc3ccccc3)C(C)C)C(N)=O)C(=O)NCC(=O)NC(CO)C(=O)NC(Cc3c[nH]cn3)C(=O)NC(CC(C)C)C(=O)NC(C(C)C)C(=O)NC(CCC(=O)O)C(=O)NC(C)C(=O)NC(CC(C)C)C(=O)NC(Cc3ccc(O)cc3)C(=O)NC(CC(C)C)C(=O)NC(C(C)C)C(=O)NC(C(=O)NCC(=O)NC(CCC(=O)O)C(=O)NC(CCCNC(=N)N)C(=O)NCC(=O)NC(Cc3ccccc3)C(=O)NC(Cc3ccccc3)C(=O)NC(Cc3ccc(O)cc3)C(=O)NC(C(=O)N3CCCC3C(=O)NC(CCCCN)C(=O)NC(C(=O)O)C(C)O)C(C)O)CSSCC(C(=O)NC(CC(N)=O)C(=O)O)NC(=O)C(Cc3ccc(O)cc3)NC(=O)C(CC(N)=O)NC(=O)C(CCC(=O)O)NC(=O)C(CC(C)C)NC(=O)C(CCC(N)=O)NC(=O)C(Cc3ccc(O)cc3)NC(=O)C(CC(C)C)NC(=O)C(CO)NC2=O)NC1=O)C(C)C,,1,"50 mM Tris-HCl, 10 mM KCl, 100 mM NaCl",https://www.aptagen.com/aptamers/insulin-binding-aptamer-iba/,AptaGen
DNA,GTGGAGGCGGTGGCCAGTCTCGCGGTGGCGGC,O=C1OC(C(O)CO)C(O)=C1O,6.00528701456843,1,"50mM sodium acetate, 1% (w/v) BSA, 0.05% (v/v) Tween 20, 1mM MgCl2 (Sigma, all components) adjusted to pH 5.5",https://www.aptagen.com/aptamers/aptamin-c/,AptaGen
DNA,GCACACCGATGGCGGTCCTGTTTAGGGGGTGTGC,Nc1nc(N)nc(N)n1,9.022276394711152,1,"Cyanuric acid, Ammeline, Ammelide.",https://www.aptagen.com/aptamers/rd29c33-t7/,AptaGen
DNA,AGCTTGCTGCAGCGATTCTTGATCGCCACAGAGCT,COP(N)(=S)Oc1ccccc1C(=O)OC(C)C,,1,"1x Buffer (300 mM NaCl, 50mM KCl, 10 mM MgCl2, and 50 mM Tris)",https://www.aptagen.com/aptamers/ss24-pj-35-aptamer/,AptaGen
DNA,TTTTTTATCAGGGCTAAAGAGTGCAGAGTTACTTAG,CCC(C)C(NC(=O)CNC(=O)C(CCC(N)=O)NC(=O)C1CCCN1C(=O)C(CC(=O)O)NC(=O)C(CCCNC(=N)N)NC(=O)C(NC(=O)C(NC(=O)C(N)CCCNC(=N)N)C(C)C)C(C)C)C(=O)NC(CCCNC(=N)N)C(=O)NC(C)C(=O)NC(Cc1c[nH]c2ccccc12)C(=O)NC(C(=O)NC(C)C(=O)NC(Cc1c[nH]c2ccccc12)C(=O)NC(CCCNC(=N)N)C(=O)NC(CC(N)=O)C(=O)NC(CCCNC(=N)N)C(=O)O)C(C)C,,1,Borate buffer (pH 8.4); Room Temperature (30 min),https://www.aptagen.com/aptamers/lysozyme-aptamer/,AptaGen
DNA,CACCTGGGGGAGTATTGCGGAGGAAGGTTCCAGGTG,Nc1ncnc2c1ncn2C1OC(COP(=O)(O)OP(=O)(O)OP(=O)(O)O)C(O)C1O,3.0195421077239,0,,https://www.aptagen.com/aptamers/huizenga-atp-binding-aptamer/,AptaGen
DNA,ACCATCTGTGTAAGGGGTAAGGGGTGGGGGTACGTCT,COc1cccc2c1C(=O)c1c(O)c3c(c(O)c1C2=O)CC(O)(C(C)=O)CC3OC1CC(N)C(O)C(C)O1,6.565431095965801,1,"Binding Buffer (20 mM Tris-HCl (pH 7.4), 140 mM NaCl, 5 mM KCl, 1 mM MgCl2, 1 mM CaCl2, and 0.05% v/v Tween-20)",https://www.aptagen.com/aptamers/daunomycin-10-10/,AptaGen
RNA,GGCACGUGUAUUACCCUAGUGGUCGACGUGCC,O=c1[nH]c(=O)c2[nH]cnc2[nH]1,8.481486060122112,1,"Binding Buffer (20 mM Trisƒ??HCl (pH 7.5), 0.3 M NaCl and 5 mM MgCl2)",https://www.aptagen.com/aptamers/xanthine-xab/,AptaGen
RNA,GGUCUUACGUCGUUCGCGACUAUUGGGAGACC,CCC(C)C(N)C(=O)O,3.6989700043360187,0,"Selection Buffer (10 mM HEPES (pH 7.0), 300 mM NaCl, and 7.5 mM MgCl2  (buffer B) and 0.1 mM each of ZnCl2, CaCl2, and MnCl2 and 0.01 mM CuCl)  Reaction Buffer (50 mM sodium  borate (pH 8.0), 42 mM KCl, 7.5 mM MgCl2, and 0.4 mM ZnCl2)",https://www.aptagen.com/aptamers/l-isoleucine-il-42-32b/,AptaGen
RNA,AUGAUCAAUCGCCUCAAUUCGACAGGAGGCUCAC,CC1(C)SC(C(NC(=O)C(N)c2ccc(O)cc2)C(=O)O)NC1C(=O)O,7.920818753952375,1,"filter binding analysis with the soluble extracellular domain of human Axl, Dtk, and Mer as targets (R&D Systems, Minneapolis, MN), was performed by incubating 1 nmol/l of radiolabeled aptamers with 1, 3.2, 10, 32, 100, 320, and 1,000 nmol/l of EC-Axl, EC-Dtk, or EC-Mer",https://www.aptagen.com/aptamers/gl21-t-2/,AptaGen
RNA,GGGGGCUUAUCAUUCCAUUUAGUUGUUAUGAUAACC,CSCCC(NC(C)=O)C(=O)NC(Cc1c[nH]c2ccccc12)C(=O)NC(CC(=O)O)C(=O)NC(Cc1ccccc1)C(=O)NC(CC(=O)O)C(=O)NC(CC(=O)O)C(=O)NC(CC(C)C)C(=O)NC(CC(N)=O)C(=O)NC(Cc1ccccc1)C(=O)NC(C(=O)NCC(=O)NC(CCSC)C(=O)N1CCCC1C(=O)N1CCCC1C(=O)NC(C)C(=O)NC(CC(=O)O)C(=O)NC(CCC(=O)O)C(=O)NC(CC(=O)O)C(=O)NC(Cc1ccc(O)cc1)C(=O)NC(CO)C(=O)N1CCCC1C(N)=O)C(C)O,11.76447155309245,1,"200 μl of binding buffer [30 mm Tris–HCl (pH 7.5), 150 mm NaCl, 1.5 mm MgCl2, 2 mm DTT, and 1% BSA] for 30 min at room temperature, with gentle shaking",https://www.aptagen.com/aptamers/a-35/,AptaGen
RNA,AGUGAUACCAGCAUCGUCUUGAUGCCCUUGGCAGCACU,Cn1c(=O)c2[nH]cnc2n(C)c1=O,7.0,1,"Buffer A (100 mM Hepes (pH 7.3), 5 mM MgCI2, and 0.5 M NaCI)",https://www.aptagen.com/aptamers/theophylline-mtct8-4/,AptaGen
RNA,GGGUUGGGAAGAAACUGUGGCACUUCGGUGCCAGCAACCC,Nc1ncnc2c1ncn2C1OC(COP(=O)(O)OP(=O)(O)OP(=O)(O)O)C(O)C1O,6.154901959985743,1,"Binding Buffer (300mM NaCl, 20 mM Tris (pH 7.6), 5mM MgCl2)",https://www.aptagen.com/aptamers/atp-atp-40-1/,AptaGen
RNA,GGCAUCGGAAAGUGGGUUGAUGUAAGUAACAGGCGAUGCC,NC(Cc1cnc[nH]1)C(=O)O,4.920818753952375,1,"Selection Buffer (50 mM Hepes (pH 7.0), 250 mM NaCl, 5 mM each CaCl2  and MgCl2, and 1 mM glycine)",https://www.aptagen.com/aptamers/l-histidine-his-945/,AptaGen
RNA,GGGCGGAUGAGACGCUUGGCGUGUGCUGUGGAGAGUCAUCCG,Nc1ncnc2c1ncn2C1OC(CSCCC(N)C(=O)O)C(O)C1O,10.0,1,"RNA Buffer (300 mM NaCl, 25 mM Tris (pH 7.6), 5 mM MgCl2)   HBS Buffer (10 mM HEPES (pH 7.4), 150 mM NaCl, 3.4 mM EDTA, and 0.005% P-20)  Carbonate Buffer (0.05 M NaHCO3 0.125 M NaCl (pH 8.3))",https://www.aptagen.com/aptamers/s-adenosyl-homocysteine-cth-5/,AptaGen
RNA,GACGAGAAGGAGUGCUGGUUAUACUAGCGGUUAGGUCACUCGUC,NC(=O)NCCCC(N)C(=O)O,4.167491087293763,1,"Binding Buffer (250 mM NaCl, 50 mM Tris-HCl (pH=8.3), 5 mM MgCl2)",https://www.aptagen.com/aptamers/l-citrulline-44cit11/,AptaGen
RNA,GACGAGAAGGAGCGCUGGUUCUACUAGCAGGUAGGUCACUCGUC,NC(N)=NCCCC(N)C(=O)O,7.221848749616356,1,"Binding Buffer (250 mM NaCl, 50 mM Tris-HCl (pH=8.3), 5 mM MgCl2)",https://www.aptagen.com/aptamers/l-arginine44arg11/,AptaGen
RNA,GGUGGAGGGGGACGUGCUGCAUCCGCAGUGCGUCUUGGGUUGUG,NC(Cc1cc(I)c(Oc2cc(I)c(O)c(I)c2)c(I)c1)C(=O)O,4.301029995663981,1,"Loading buffer: 10mM Tris-HCl (pH 7.5), 500 mM NaCl, and 1 mM MgCl2",https://www.aptagen.com/aptamers/thyroxine-apt4-a/,AptaGen
RNA,GGAACCCAACUAGGCGUUUGAGGGGAUUCGGCCACGGUAACAACCCCUC,NC(=O)c1ccc[n+](C2OC(COP(=O)([O-])OP(=O)(O)OCC3OC(n4cnc5c(N)ncnc54)C(O)C3O)C(O)C2O)c1,8.602059991327963,1,"Selection Buffer (20 mM HEPES (pH 7.5), 300 mM KC1, and 5 mM MgC12) at room temperature",https://www.aptagen.com/aptamers/nad/,AptaGen
RNA,GGAACCCAACUAGGCGUUUGAGGGGAUUCGGCCACGGUAACAACCCCUC,NC(=O)C1=CN(C2OC(COP(=O)(O)OP(=O)(O)OCC3OC(n4cnc5c(N)ncnc54)C(O)C3O)C(O)C2O)C=CC1,7.431798275933005,1,"Selection Buffer (20 mM HEPES (pH 7.5), 300 mM KC1, and 5 mM MgC12) at room temperature.",https://www.aptagen.com/aptamers/nadh/,AptaGen
RNA,GGGAUCACAGUGAAAAAAGACGUGUGAAUGUCACACUGAAAAAAGAUCCC,O=C(NC(CO)C(O)c1ccc([N+](=O)[O-])cc1)C(Cl)Cl,6.958607314841775,1,"Binding Buffer (20 mM MgCl2, 400 mM NaCl, 100 mM bis-Tris (pH  6.4)",https://www.aptagen.com/aptamers/chloramphenicol-cm1/,AptaGen
DNA,AGGCAGGACACCGTAACCGGTGCATCTATGGCTACTAGCTCTTCCTGCCT,CCC(C)C(N=C(O)C(CO)N=C(O)C1CCCN1C(=O)C(C)N=C(O)CN=C(O)C(CC(C)C)N=C(O)C(CCCCN)N=C(O)C(CCCCN)N=C(O)C(CCSC)N=C(O)C(CCCNC(=N)N)N=C(O)C(Cc1c[nH]c2ccccc12)N=C(O)C(CCC(=N)O)N=C(O)C(Cc1c[nH]c2ccccc12)N=C(O)C(CCCNC(=N)N)N=C(O)C(CCCNC(=N)N)N=C(O)C(CS)N=C(O)C(CCCCN)N=C(O)C(N)Cc1ccccc1)C(O)=NC(C(O)=NC(CS)C(O)=NC(C(O)=NC(CCCNC(=N)N)C(O)=NC(CCCNC(=N)N)C(O)=NC(C)C(O)=NC(Cc1ccccc1)C(=O)O)C(C)C)C(C)O,8.303643611266669,1,1x PBSMC,https://www.aptagen.com/aptamers/yfl-6/,AptaGen
RNA,GGCCUAAAACAUACCAGAUUUCGAUCUGGAGAGGUGAAGAAUUCGACCACCUAGGCCGGU,CN(C)C1C(=O)C(C(N)=O)=C(O)C2(O)C(=O)C3=C(O)c4c(O)cccc4C(C)(O)C3CC12,6.0,1,"Equilibration Buffer: 10 mM Trisƒ??HCl (pH 7.6), 5 mM MgCl2, 250 mM NaCl",https://www.aptagen.com/aptamers/tetracycline-cb28-minimer/,AptaGen
RNA,GGGCGACCCUGAUGAGAUGAUACCAGCCGAAAGGCCCUUGGCAGCUCUCGAAACGGUGAAAGCCGUAGGUUGCCC,Cn1c(=O)c2[nH]cnc2n(C)c1=O,,1,Reaction buffer [50 mM Tris.HCl (pH 7.5) and 20 mM MgCl2] for 20 hr,https://www.aptagen.com/aptamers/theophylline-inhibited-molecular-switch/,AptaGen
RNA,GGGCGACCCUGAUGAGCCUUAUACCAGCCGAAAGGCCCUUGGCAGACGUCGAAACGGUGAAAGCCGUAGGUUGCCC,Cn1c(=O)c2[nH]cnc2n(C)c1=O,,1,Reaction buffer [50 mM Tris.HCl (pH 7.5) and 20 mM MgCl2] for 20 hr,https://www.aptagen.com/aptamers/theophylline-induced-molecular-switch/,AptaGen
RNA,GGUUGGCAGCAGAAGAUAGCAGCCUGUCGUUCGCUUCUUGUCCGACUCCCCAUUCGCAGUCGAAGUGGUAACUAUCUUUAAGGGUCGGUCAAGGGAGGGAUCCUA,Nc1ncnc2c1ncn2C1OC(COP(=O)(O)OP(=O)(O)OP(=O)(O)O)C(O)C1O,4.4089353929735005,1,"(50 mM Trisƒ??HCl, pH 7.5, 150 mM NaCl, 5 mM MgCl2) + 1 mg/ml tRNA and 0.1 mg/ml BSA",https://www.aptagen.com/aptamers/atp-c20/,AptaGen
